{"assets/dhmin/专题_commodity.png":["assets/dhmin/专题_commodity.png"],"assets/dhmin/我的_reduce-user.png":["assets/dhmin/我的_reduce-user.png"],"assets/dhmin/排行_ranking.png":["assets/dhmin/排行_ranking.png"],"assets/dhmin/首页_home.png":["assets/dhmin/首页_home.png"],"assets/images/.DS_Store":["assets/images/.DS_Store"],"assets/images/Logo.png":["assets/images/Logo.png"],"assets/images/placeholder.jpg":["assets/images/placeholder.jpg"],"assets/sytbmin/下载_download_副本.png":["assets/sytbmin/下载_download_副本.png"],"assets/sytbmin/历史记录_history.png":["assets/sytbmin/历史记录_history.png"],"assets/tbmin/分享APP_share.png":["assets/tbmin/分享APP_share.png"],"assets/tbmin/我的下载_download.png":["assets/tbmin/我的下载_download.png"],"assets/tbmin/我的收藏_file-collection-one.png":["assets/tbmin/我的收藏_file-collection-one.png"],"assets/tbmin/检查升级_update-rotation.png":["assets/tbmin/检查升级_update-rotation.png"],"assets/tbmin/消息_remind.png":["assets/tbmin/消息_remind.png"],"assets/tbmin/清理缓存_delete.png":["assets/tbmin/清理缓存_delete.png"],"assets/tbmin/留言求片_email-delect.png":["assets/tbmin/留言求片_email-delect.png"],"assets/tbmin/设置_setting.png":["assets/tbmin/设置_setting.png"],"assets/tbmin/.DS_Store":["assets/tbmin/.DS_Store"],"assets/xxmin/下载_download.png":["assets/xxmin/下载_download.png"],"assets/xxmin/催更_refresh.png":["assets/xxmin/催更_refresh.png"],"assets/xxmin/分享_share.png":["assets/xxmin/分享_share.png"],"assets/xxmin/反馈_caution.png":["assets/xxmin/反馈_caution.png"],"assets/xxmin/收藏_file-collection.png":["assets/xxmin/收藏_file-collection.png"],"packages/cupertino_icons/assets/CupertinoIcons.ttf":["packages/cupertino_icons/assets/CupertinoIcons.ttf"],"packages/font_awesome_flutter/lib/fonts/fa-brands-400.ttf":["packages/font_awesome_flutter/lib/fonts/fa-brands-400.ttf"],"packages/font_awesome_flutter/lib/fonts/fa-regular-400.ttf":["packages/font_awesome_flutter/lib/fonts/fa-regular-400.ttf"],"packages/font_awesome_flutter/lib/fonts/fa-solid-900.ttf":["packages/font_awesome_flutter/lib/fonts/fa-solid-900.ttf"],"packages/wakelock_plus/assets/no_sleep.js":["packages/wakelock_plus/assets/no_sleep.js"]}